treatment_col,treatment_value,epsilon,delta_percent,found,found_filters,found_size,found_ate,candidates_enumerated,candidates_evaluated,runtime_seconds
Hobby,1,100.0,0.5,True,"{'Student': 1, 'FormalEducation': 1, 'SexualOrientation': 1}",22373.0,1151.8683613311655,83,41,4.088648957997066
Hobby,1,100.0,0.6,True,"{'Student': 1, 'Gender': 1, 'SexualOrientation': 1}",27878.0,1186.9935655633603,37,9,1.1733404169972346
Hobby,1,100.0,0.7,True,"{'Student': 1, 'SexualOrientation': 1}",29588.0,1146.2045859669443,15,6,0.8535899170019547
Hobby,1,100.0,0.8,True,{'Student': 1},31785.0,1071.4914888250462,4,4,0.5344822080005542
Hobby,1,500.0,0.5,True,"{'Gender': 1, 'SexualOrientation': 1, 'RaceEthnicity': 1}",25961.0,1257.9700299776769,83,18,2.879334041997936
Hobby,1,500.0,0.6,True,"{'Student': 1, 'Gender': 1, 'SexualOrientation': 1}",27878.0,1186.9935655633603,37,9,1.352835249999771
Hobby,1,500.0,0.7,True,{'Student': 1},31785.0,1071.4914888250462,15,4,0.7651987919998646
Hobby,1,500.0,0.8,True,{'SexualOrientation': 1},35377.0,178.21158886086988,4,1,0.3034494160019676
Hobby,1,1000.0,0.5,True,"{'Student': 1, 'SexualOrientation': 1}",29588.0,1146.2045859669443,83,6,2.0036804580013268
Hobby,1,1000.0,0.6,True,{'HDI': 1},29885.0,902.855692197833,37,5,1.1315385839989176
Hobby,1,1000.0,0.7,True,{'Student': 1},31785.0,1071.4914888250462,15,4,0.6702992499995162
Hobby,1,1000.0,0.8,True,{'SexualOrientation': 1},35377.0,178.21158886086988,4,1,0.2377635829980136
Hobby,1,5000.0,0.5,True,{'SexualOrientation': 1},35377.0,178.21158886086988,83,1,1.5333518749976065
Hobby,1,5000.0,0.6,True,{'SexualOrientation': 1},35377.0,178.21158886086988,37,1,0.7795144999981858
Hobby,1,5000.0,0.7,True,{'SexualOrientation': 1},35377.0,178.21158886086988,15,1,0.4195979169999191
Hobby,1,5000.0,0.8,True,{'SexualOrientation': 1},35377.0,178.21158886086988,4,1,0.24209466699903714
Hobby,1,10000.0,0.5,True,{'SexualOrientation': 1},35377.0,178.21158886086988,83,1,1.3652748339991376
Hobby,1,10000.0,0.6,True,{'SexualOrientation': 1},35377.0,178.21158886086988,37,1,0.7119410830018751
Hobby,1,10000.0,0.7,True,{'SexualOrientation': 1},35377.0,178.21158886086988,15,1,0.4168078330003482
Hobby,1,10000.0,0.8,True,{'SexualOrientation': 1},35377.0,178.21158886086988,4,1,0.23068391600099858
Country,1,100.0,0.5,True,"{'Hobby': 1, 'Student': 1, 'Gender': 1, 'SexualOrientation': 1}",22803.0,5038.840576250481,118,49,5.059524415999476
Country,1,100.0,0.6,True,"{'Student': 1, 'Gender': 1, 'SexualOrientation': 1}",27878.0,5740.489843889183,47,12,1.6025603749985748
Country,1,100.0,0.7,True,"{'Student': 1, 'Gender': 1, 'SexualOrientation': 1}",27878.0,5740.489843889183,19,12,1.629003999998531
Country,1,100.0,0.8,True,{'Gender': 1},35200.0,5198.125143420145,5,2,0.36145583400139003
Country,1,500.0,0.5,True,"{'UndergradMajor': 2, 'Gender': 1, 'SexualOrientation': 1}",24490.0,5034.220875765153,118,32,4.246898584002338
Country,1,500.0,0.6,True,"{'Hobby': 1, 'SexualOrientation': 1}",28907.0,4238.43176785092,47,11,2.0764261670010455
Country,1,500.0,0.7,True,{'Hobby': 1},31125.0,4222.120477641507,19,5,0.9037382499991509
Country,1,500.0,0.8,True,{'Gender': 1},35200.0,5198.125143420145,5,2,0.3641804590006359
Country,1,1000.0,0.5,True,"{'Gender': 1, 'SexualOrientation': 1, 'HDI': 1}",25998.0,10578.49862044802,118,21,3.146104750001541
Country,1,1000.0,0.6,True,"{'Hobby': 1, 'SexualOrientation': 1}",28907.0,4238.43176785092,47,11,2.0150993749994086
Country,1,1000.0,0.7,True,"{'Gender': 1, 'SexualOrientation': 1}",33330.0,5288.681670932298,19,3,0.8074250420031603
Country,1,1000.0,0.8,True,{'SexualOrientation': 1},35377.0,4745.893245290812,5,1,0.24112562500158674
Country,1,5000.0,0.5,True,{'HDI': 1},29885.0,11036.803740554366,118,6,2.4256826249984442
Country,1,5000.0,0.6,True,{'HDI': 1},29885.0,11036.803740554366,47,6,1.406948875002854
Country,1,5000.0,0.7,True,"{'Gender': 1, 'SexualOrientation': 1}",33330.0,5288.681670932298,19,3,0.7340555830014637
Country,1,5000.0,0.8,True,{'SexualOrientation': 1},35377.0,4745.893245290812,5,1,0.2562545000000682
Country,1,10000.0,0.5,True,{'SexualOrientation': 1},35377.0,4745.893245290812,118,1,1.7949795829990762
Country,1,10000.0,0.6,True,{'SexualOrientation': 1},35377.0,4745.893245290812,47,1,0.9323974580001959
Country,1,10000.0,0.7,True,{'SexualOrientation': 1},35377.0,4745.893245290812,19,1,0.5351842080017377
Country,1,10000.0,0.8,True,{'SexualOrientation': 1},35377.0,4745.893245290812,5,1,0.324053541997273
Student,1,100.0,0.5,True,"{'Gender': 1, 'SexualOrientation': 1, 'Dependents': 2}",22610.0,19920.32046044382,81,37,3.8141951249999693
Student,1,100.0,0.6,True,"{'Hobby': 1, 'Gender': 1, 'SexualOrientation': 1}",27517.0,19677.798646594507,33,12,1.5946272920009505
Student,1,100.0,0.7,True,{'UndergradMajor': 2},27675.0,18267.746688427214,15,9,1.0742367499988177
Student,1,100.0,0.8,True,{'SexualOrientation': 1},35377.0,18532.025317755848,4,1,0.3000072499999078
Student,1,500.0,0.5,True,"{'Hobby': 1, 'Gender': 1, 'HDI': 1}",22857.0,18266.877780164134,81,33,3.5814621669996995
Student,1,500.0,0.6,True,"{'Hobby': 1, 'SexualOrientation': 1}",28907.0,19380.72164620823,33,8,1.239664749999065
Student,1,500.0,0.7,True,{'RaceEthnicity': 1},29558.0,20444.94367526947,15,6,0.8142788750010368
Student,1,500.0,0.8,True,{'SexualOrientation': 1},35377.0,18532.025317755848,4,1,0.24541704199873493
Student,1,1000.0,0.5,True,"{'Hobby': 1, 'HDI': 1}",24545.0,18438.736878430635,81,24,2.9309340410000004
Student,1,1000.0,0.6,True,"{'Hobby': 1, 'SexualOrientation': 1}",28907.0,19380.72164620823,33,8,1.2355647089971171
Student,1,1000.0,0.7,True,{'Hobby': 1},31125.0,20203.68721091759,15,4,0.6588555419984914
Student,1,1000.0,0.8,True,{'SexualOrientation': 1},35377.0,18532.025317755848,4,1,0.23383516700050677
Student,1,5000.0,0.5,True,"{'Gender': 1, 'SexualOrientation': 1}",33330.0,18533.05687391018,81,3,2.030698583999765
Student,1,5000.0,0.6,True,{'SexualOrientation': 1},35377.0,18532.025317755848,33,1,0.7337441250019765
Student,1,5000.0,0.7,True,{'SexualOrientation': 1},35377.0,18532.025317755848,15,1,0.5895247500011465
Student,1,5000.0,0.8,True,{'SexualOrientation': 1},35377.0,18532.025317755848,4,1,0.2503655419968709
Student,1,10000.0,0.5,True,"{'Gender': 1, 'SexualOrientation': 1}",33330.0,18533.05687391018,81,3,1.8221472920013184
Student,1,10000.0,0.6,True,{'SexualOrientation': 1},35377.0,18532.025317755848,33,1,0.7913241669994022
Student,1,10000.0,0.7,True,{'SexualOrientation': 1},35377.0,18532.025317755848,15,1,0.44775983300132793
Student,1,10000.0,0.8,True,{'SexualOrientation': 1},35377.0,18532.025317755848,4,1,0.2733822500013048
FormalEducation,1,100.0,0.5,True,"{'Hobby': 1, 'Student': 1, 'Gender': 1, 'SexualOrientation': 1}",22803.0,4649.116646334953,97,44,4.497877875000995
FormalEducation,1,100.0,0.6,True,"{'Student': 1, 'Gender': 1, 'SexualOrientation': 1}",27878.0,4464.098868933243,42,12,1.8073174170021957
FormalEducation,1,100.0,0.7,True,{'RaceEthnicity': 1},29558.0,6341.8760350535285,18,8,1.0821918750007171
FormalEducation,1,100.0,0.8,True,{'Gender': 1},35200.0,5973.994715868237,5,2,0.3537295419992006
FormalEducation,1,500.0,0.5,True,"{'Hobby': 1, 'Student': 1, 'Gender': 1, 'SexualOrientation': 1}",22803.0,4649.116646334953,97,44,5.13405425000019
FormalEducation,1,500.0,0.6,True,"{'Student': 1, 'Gender': 1, 'SexualOrientation': 1}",27878.0,4464.098868933243,42,12,1.6897424589988077
FormalEducation,1,500.0,0.7,True,{'Student': 1},31785.0,4417.969400059144,18,4,0.7912539579992881
FormalEducation,1,500.0,0.8,True,{'SexualOrientation': 1},35377.0,6071.864686259821,5,1,0.2889785419974942
FormalEducation,1,1000.0,0.5,True,"{'Student': 1, 'HDI': 1}",25713.0,2232.885446495784,97,25,4.080569833000482
FormalEducation,1,1000.0,0.6,True,"{'Student': 1, 'Gender': 1, 'SexualOrientation': 1}",27878.0,4464.098868933243,42,12,1.9004352089978056
FormalEducation,1,1000.0,0.7,True,{'Student': 1},31785.0,4417.969400059144,18,4,0.818273875000159
FormalEducation,1,1000.0,0.8,True,{'SexualOrientation': 1},35377.0,6071.864686259821,5,1,0.2771854169986909
FormalEducation,1,5000.0,0.5,True,{'SexualOrientation': 1},35377.0,6071.864686259821,97,1,1.5682221250026487
FormalEducation,1,5000.0,0.6,True,{'SexualOrientation': 1},35377.0,6071.864686259821,42,1,0.9533751669987396
FormalEducation,1,5000.0,0.7,True,{'SexualOrientation': 1},35377.0,6071.864686259821,18,1,0.640798458000063
FormalEducation,1,5000.0,0.8,True,{'SexualOrientation': 1},35377.0,6071.864686259821,5,1,0.29709420799918007
FormalEducation,1,10000.0,0.5,True,{'SexualOrientation': 1},35377.0,6071.864686259821,97,1,1.701899791998585
FormalEducation,1,10000.0,0.6,True,{'SexualOrientation': 1},35377.0,6071.864686259821,42,1,0.8798245840007439
FormalEducation,1,10000.0,0.7,True,{'SexualOrientation': 1},35377.0,6071.864686259821,18,1,0.5594215830024041
FormalEducation,1,10000.0,0.8,True,{'SexualOrientation': 1},35377.0,6071.864686259821,5,1,0.2523027080023894
UndergradMajor,1,100.0,0.5,True,"{'Gender': 1, 'SexualOrientation': 1, 'Dependents': 2}",22610.0,2020.0302841076114,97,47,4.656042750000779
UndergradMajor,1,100.0,0.6,True,"{'Student': 1, 'Gender': 1, 'SexualOrientation': 1}",27878.0,224.7448284166145,43,12,1.5549522500004969
UndergradMajor,1,100.0,0.7,True,"{'Hobby': 1, 'SexualOrientation': 1}",28907.0,1168.9397724774099,18,11,1.372508459000528
UndergradMajor,1,100.0,0.8,True,{'SexualOrientation': 1},35377.0,1353.7647295469365,5,1,0.25420512500204495
UndergradMajor,1,500.0,0.5,True,"{'Gender': 1, 'SexualOrientation': 1, 'Dependents': 2}",22610.0,2020.0302841076114,97,47,6.550273000000743
UndergradMajor,1,500.0,0.6,True,"{'Student': 1, 'Gender': 1, 'SexualOrientation': 1}",27878.0,224.7448284166145,43,12,1.72440458300116
UndergradMajor,1,500.0,0.7,True,{'Hobby': 1},31125.0,826.9395477922683,18,5,0.9700727500021458
UndergradMajor,1,500.0,0.8,True,{'SexualOrientation': 1},35377.0,1353.7647295469365,5,1,0.2508364999994228
UndergradMajor,1,1000.0,0.5,True,"{'SexualOrientation': 1, 'Dependents': 2}",24210.0,1733.4846314770296,97,30,6.347705833002692
UndergradMajor,1,1000.0,0.6,True,"{'Student': 1, 'Gender': 1, 'SexualOrientation': 1}",27878.0,224.7448284166145,43,12,2.1001867090017186
UndergradMajor,1,1000.0,0.7,True,{'Hobby': 1},31125.0,826.9395477922683,18,5,1.257071125000948
UndergradMajor,1,1000.0,0.8,True,{'SexualOrientation': 1},35377.0,1353.7647295469365,5,1,0.29248275000281865
UndergradMajor,1,5000.0,0.5,True,{'SexualOrientation': 1},35377.0,1353.7647295469365,97,1,1.953171041997848
UndergradMajor,1,5000.0,0.6,True,{'SexualOrientation': 1},35377.0,1353.7647295469365,43,1,0.9134542920000968
UndergradMajor,1,5000.0,0.7,True,{'SexualOrientation': 1},35377.0,1353.7647295469365,18,1,0.5485636660014279
UndergradMajor,1,5000.0,0.8,True,{'SexualOrientation': 1},35377.0,1353.7647295469365,5,1,0.27788979099932476
UndergradMajor,1,10000.0,0.5,True,{'SexualOrientation': 1},35377.0,1353.7647295469365,97,1,1.5569532499976049
UndergradMajor,1,10000.0,0.6,True,{'SexualOrientation': 1},35377.0,1353.7647295469365,43,1,1.0835323329993116
UndergradMajor,1,10000.0,0.7,True,{'SexualOrientation': 1},35377.0,1353.7647295469365,18,1,0.49937362499986193
UndergradMajor,1,10000.0,0.8,True,{'SexualOrientation': 1},35377.0,1353.7647295469365,5,1,0.2592970420009806
DevType,1,100.0,0.5,False,,,,113,113,21.817320834001293
DevType,1,100.0,0.6,False,,,,46,46,6.367492917001073
DevType,1,100.0,0.7,False,,,,19,19,2.341466833000595
DevType,1,100.0,0.8,False,,,,5,5,0.6402777500006778
DevType,1,500.0,0.5,False,,,,113,113,21.878940583999793
DevType,1,500.0,0.6,False,,,,46,46,6.236726666997129
DevType,1,500.0,0.7,False,,,,19,19,2.2411445830002776
DevType,1,500.0,0.8,False,,,,5,5,0.6398368750014924
DevType,1,1000.0,0.5,False,,,,113,113,21.576289707998512
DevType,1,1000.0,0.6,False,,,,46,46,6.1881707920001645
DevType,1,1000.0,0.7,False,,,,19,19,2.3163538749977306
DevType,1,1000.0,0.8,False,,,,5,5,0.575075917000504
DevType,1,5000.0,0.5,False,,,,113,113,20.989631917000224
DevType,1,5000.0,0.6,False,,,,46,46,6.390480832997127
DevType,1,5000.0,0.7,False,,,,19,19,2.3113179590000072
DevType,1,5000.0,0.8,False,,,,5,5,0.6105474579999282
DevType,1,10000.0,0.5,False,,,,113,113,21.06463166699905
DevType,1,10000.0,0.6,False,,,,46,46,6.09798850000152
DevType,1,10000.0,0.7,False,,,,19,19,2.3945015000026615
DevType,1,10000.0,0.8,False,,,,5,5,0.5732730830022774
YearsCoding,1,100.0,0.5,True,"{'Hobby': 1, 'Student': 1, 'Gender': 1, 'SexualOrientation': 1}",22803.0,28013.13679710927,118,49,5.511921707999136
YearsCoding,1,100.0,0.6,True,"{'Student': 1, 'Gender': 1, 'SexualOrientation': 1}",27878.0,28049.53782856537,47,12,1.5522859590018925
YearsCoding,1,100.0,0.7,True,{'Student': 1},31785.0,28105.259979192608,19,4,0.7499683749992982
YearsCoding,1,100.0,0.8,True,{'SexualOrientation': 1},35377.0,29197.956601529047,5,1,0.27701845900082844
YearsCoding,1,500.0,0.5,True,"{'Student': 1, 'HDI': 1}",25713.0,27181.555839463093,118,27,4.348934041001485
YearsCoding,1,500.0,0.6,True,{'RaceEthnicity': 1},29558.0,27942.702586706248,47,8,1.5695794169987494
YearsCoding,1,500.0,0.7,True,{'Student': 1},31785.0,28105.259979192608,19,4,0.7139030839971383
YearsCoding,1,500.0,0.8,True,{'SexualOrientation': 1},35377.0,29197.956601529047,5,1,0.2886897909993422
YearsCoding,1,1000.0,0.5,True,{'HDI': 1},29885.0,27596.062645176124,118,6,2.0792890419979813
YearsCoding,1,1000.0,0.6,True,{'HDI': 1},29885.0,27596.062645176124,47,6,1.3513547089969506
YearsCoding,1,1000.0,0.7,True,"{'Gender': 1, 'SexualOrientation': 1}",33330.0,28999.99884283761,19,3,1.0154114159995515
YearsCoding,1,1000.0,0.8,True,{'SexualOrientation': 1},35377.0,29197.956601529047,5,1,0.23353895800028113
YearsCoding,1,5000.0,0.5,True,{'SexualOrientation': 1},35377.0,29197.956601529047,118,1,1.6567586249984743
YearsCoding,1,5000.0,0.6,True,{'SexualOrientation': 1},35377.0,29197.956601529047,47,1,1.0192427090005367
YearsCoding,1,5000.0,0.7,True,{'SexualOrientation': 1},35377.0,29197.956601529047,19,1,0.5170524169989221
YearsCoding,1,5000.0,0.8,True,{'SexualOrientation': 1},35377.0,29197.956601529047,5,1,0.2524479160019837
YearsCoding,1,10000.0,0.5,True,{'SexualOrientation': 1},35377.0,29197.956601529047,118,1,1.8744873340001504
YearsCoding,1,10000.0,0.6,True,{'SexualOrientation': 1},35377.0,29197.956601529047,47,1,0.8596738330015796
YearsCoding,1,10000.0,0.7,True,{'SexualOrientation': 1},35377.0,29197.956601529047,19,1,0.4879997909993108
YearsCoding,1,10000.0,0.8,True,{'SexualOrientation': 1},35377.0,29197.956601529047,5,1,0.23784349999914411
HoursComputer,1,100.0,0.5,True,"{'Hobby': 1, 'Student': 1, 'Gender': 1, 'SexualOrientation': 1}",22803.0,232.78884555967477,115,49,5.028029749999405
HoursComputer,1,100.0,0.6,True,"{'Student': 1, 'Gender': 1, 'SexualOrientation': 1}",27878.0,481.9815015944884,47,12,1.5712422910000896
HoursComputer,1,100.0,0.7,True,"{'Student': 1, 'Gender': 1, 'SexualOrientation': 1}",27878.0,481.9815015944884,19,12,1.590277999999671
HoursComputer,1,100.0,0.8,True,{'Student': 1},31785.0,816.1771532747154,5,4,0.7229558340004587
HoursComputer,1,500.0,0.5,True,"{'Student': 1, 'FormalEducation': 1}",23931.0,281.7416325110397,115,39,7.060500832998514
HoursComputer,1,500.0,0.6,True,"{'Student': 1, 'Gender': 1, 'SexualOrientation': 1}",27878.0,481.9815015944884,47,12,1.9608826660005434
HoursComputer,1,500.0,0.7,True,"{'Student': 1, 'SexualOrientation': 1}",29588.0,276.67640103476833,19,7,1.1310786249996454
HoursComputer,1,500.0,0.8,True,{'Student': 1},31785.0,816.1771532747154,5,4,0.6619867919980607
HoursComputer,1,1000.0,0.5,True,{'UndergradMajor': 2},27675.0,44.10763689913824,115,13,7.186662667001656
HoursComputer,1,1000.0,0.6,True,"{'Student': 1, 'SexualOrientation': 1}",29588.0,276.67640103476833,47,7,3.2644776250017458
HoursComputer,1,1000.0,0.7,True,{'Student': 1},31785.0,816.1771532747154,19,4,1.5567005420016358
HoursComputer,1,1000.0,0.8,True,{'Student': 1},31785.0,816.1771532747154,5,4,0.787159542000154
HoursComputer,1,5000.0,0.5,True,{'Student': 1},31785.0,816.1771532747154,115,4,5.4389903340015735
HoursComputer,1,5000.0,0.6,True,{'Student': 1},31785.0,816.1771532747154,47,4,2.348795042002166
HoursComputer,1,5000.0,0.7,True,{'Student': 1},31785.0,816.1771532747154,19,4,1.4806489999973564
HoursComputer,1,5000.0,0.8,True,{'Student': 1},31785.0,816.1771532747154,5,4,0.8689266250003129
HoursComputer,1,10000.0,0.5,True,{'Student': 1},31785.0,816.1771532747154,115,4,4.724489999996877
HoursComputer,1,10000.0,0.6,True,{'Student': 1},31785.0,816.1771532747154,47,4,2.3998172499996144
HoursComputer,1,10000.0,0.7,True,{'Student': 1},31785.0,816.1771532747154,19,4,1.3651800419975189
HoursComputer,1,10000.0,0.8,True,{'Student': 1},31785.0,816.1771532747154,5,4,0.7547606250009267
Exercise,1,100.0,0.5,True,"{'Hobby': 1, 'Student': 1, 'Gender': 1, 'SexualOrientation': 1}",22803.0,2190.1283562279136,118,49,5.135381916999904
Exercise,1,100.0,0.6,True,"{'Student': 1, 'Gender': 1, 'SexualOrientation': 1}",27878.0,2487.4142756796746,47,12,1.6390920829981042
Exercise,1,100.0,0.7,True,"{'Student': 1, 'SexualOrientation': 1}",29588.0,2560.259537309657,19,7,1.03164583400212
Exercise,1,100.0,0.8,True,"{'Gender': 1, 'SexualOrientation': 1}",33330.0,1871.8706145185276,5,3,0.49775558399778674
Exercise,1,500.0,0.5,True,"{'Gender': 1, 'SexualOrientation': 1, 'HDI': 1}",25998.0,4475.323034897269,118,21,3.161931458998879
Exercise,1,500.0,0.6,True,"{'Hobby': 1, 'SexualOrientation': 1}",28907.0,1914.2400883009307,47,11,1.6335559590006596
Exercise,1,500.0,0.7,True,{'Student': 1},31785.0,2715.670863450837,19,4,0.7050405829977535
Exercise,1,500.0,0.8,True,{'SexualOrientation': 1},35377.0,2023.823400130476,5,1,0.2585580829982064
Exercise,1,1000.0,0.5,True,"{'Gender': 1, 'SexualOrientation': 1, 'HDI': 1}",25998.0,4475.323034897269,118,21,3.496356667001237
Exercise,1,1000.0,0.6,True,{'HDI': 1},29885.0,4270.714642536166,47,6,1.2790733330002695
Exercise,1,1000.0,0.7,True,"{'Gender': 1, 'SexualOrientation': 1}",33330.0,1871.8706145185276,19,3,0.8176566250003816
Exercise,1,1000.0,0.8,True,{'SexualOrientation': 1},35377.0,2023.823400130476,5,1,0.2780246670008637
Exercise,1,5000.0,0.5,True,{'SexualOrientation': 1},35377.0,2023.823400130476,118,1,2.0149220419989433
Exercise,1,5000.0,0.6,True,{'SexualOrientation': 1},35377.0,2023.823400130476,47,1,1.1585157920017082
Exercise,1,5000.0,0.7,True,{'SexualOrientation': 1},35377.0,2023.823400130476,19,1,0.4910557910006901
Exercise,1,5000.0,0.8,True,{'SexualOrientation': 1},35377.0,2023.823400130476,5,1,0.2976096249985858
Exercise,1,10000.0,0.5,True,{'SexualOrientation': 1},35377.0,2023.823400130476,118,1,1.9905292090006697
Exercise,1,10000.0,0.6,True,{'SexualOrientation': 1},35377.0,2023.823400130476,47,1,1.0154899999979534
Exercise,1,10000.0,0.7,True,{'SexualOrientation': 1},35377.0,2023.823400130476,19,1,0.5439117499990971
Exercise,1,10000.0,0.8,True,{'SexualOrientation': 1},35377.0,2023.823400130476,5,1,0.26487825000003795
Gender,1,100.0,0.5,True,"{'UndergradMajor': 2, 'SexualOrientation': 1}",25792.0,7572.463684284416,68,14,1.8156089170006453
Gender,1,100.0,0.6,True,"{'Hobby': 1, 'SexualOrientation': 1}",28907.0,5945.382850314698,27,7,1.0401496660015255
Gender,1,100.0,0.7,True,{'Hobby': 1},31125.0,4339.255566886521,11,3,0.44935412499762606
Gender,1,100.0,0.8,True,{'SexualOrientation': 1},35377.0,6526.944541695357,3,1,0.20952883400241262
Gender,1,500.0,0.5,True,"{'UndergradMajor': 2, 'SexualOrientation': 1}",25792.0,7572.463684284416,68,14,1.8476356249993842
Gender,1,500.0,0.6,True,"{'Hobby': 1, 'SexualOrientation': 1}",28907.0,5945.382850314698,27,7,0.9258750829976634
Gender,1,500.0,0.7,True,{'Hobby': 1},31125.0,4339.255566886521,11,3,0.4703079159990011
Gender,1,500.0,0.8,True,{'SexualOrientation': 1},35377.0,6526.944541695357,3,1,0.2110909580005682
Gender,1,1000.0,0.5,True,"{'UndergradMajor': 2, 'SexualOrientation': 1}",25792.0,7572.463684284416,68,14,1.9322067919965775
Gender,1,1000.0,0.6,True,"{'Hobby': 1, 'SexualOrientation': 1}",28907.0,5945.382850314698,27,7,1.0036897089994454
Gender,1,1000.0,0.7,True,{'Hobby': 1},31125.0,4339.255566886521,11,3,0.45560912499786355
Gender,1,1000.0,0.8,True,{'SexualOrientation': 1},35377.0,6526.944541695357,3,1,0.24121999999988475
Gender,1,5000.0,0.5,True,{'SexualOrientation': 1},35377.0,6526.944541695357,68,1,1.1764494159979222
Gender,1,5000.0,0.6,True,{'SexualOrientation': 1},35377.0,6526.944541695357,27,1,0.7143216669974208
Gender,1,5000.0,0.7,True,{'SexualOrientation': 1},35377.0,6526.944541695357,11,1,0.36092345799988834
Gender,1,5000.0,0.8,True,{'SexualOrientation': 1},35377.0,6526.944541695357,3,1,0.20449070900212973
Gender,1,10000.0,0.5,True,{'SexualOrientation': 1},35377.0,6526.944541695357,68,1,1.2353557500027819
Gender,1,10000.0,0.6,True,{'SexualOrientation': 1},35377.0,6526.944541695357,27,1,0.648091041999578
Gender,1,10000.0,0.7,True,{'SexualOrientation': 1},35377.0,6526.944541695357,11,1,0.32937466699877405
Gender,1,10000.0,0.8,True,{'SexualOrientation': 1},35377.0,6526.944541695357,3,1,0.20623745799821336
SexualOrientation,1,100.0,0.5,True,"{'FormalEducation': 1, 'Gender': 1}",25398.0,443.4683398795462,67,16,1.8544274999985646
SexualOrientation,1,100.0,0.6,True,"{'Student': 1, 'Gender': 1}",29359.0,262.6612431065488,28,6,0.9236595000002126
SexualOrientation,1,100.0,0.7,True,{'HDI': 1},29885.0,863.8379127301037,11,4,0.6162330000006477
SexualOrientation,1,100.0,0.8,True,{'Gender': 1},35200.0,1036.9243250636432,3,1,0.20414433399855625
SexualOrientation,1,500.0,0.5,True,"{'FormalEducation': 1, 'Gender': 1}",25398.0,443.4683398795462,67,16,2.100478500000463
SexualOrientation,1,500.0,0.6,True,"{'Student': 1, 'Gender': 1}",29359.0,262.6612431065488,28,6,1.0287515419986448
SexualOrientation,1,500.0,0.7,True,{'HDI': 1},29885.0,863.8379127301037,11,4,0.659282542001165
SexualOrientation,1,500.0,0.8,True,{'Gender': 1},35200.0,1036.9243250636432,3,1,0.2520852499983448
SexualOrientation,1,1000.0,0.5,True,"{'Student': 1, 'HDI': 1}",25713.0,258.7965307086397,67,15,2.404778250001982
SexualOrientation,1,1000.0,0.6,True,"{'Student': 1, 'Gender': 1}",29359.0,262.6612431065488,28,6,0.9516185000029509
SexualOrientation,1,1000.0,0.7,True,{'HDI': 1},29885.0,863.8379127301037,11,4,0.5928148339990003
SexualOrientation,1,1000.0,0.8,True,{'Gender': 1},35200.0,1036.9243250636432,3,1,0.20740275000207475
SexualOrientation,1,5000.0,0.5,True,{'Gender': 1},35200.0,1036.9243250636432,67,1,1.1211962499983201
SexualOrientation,1,5000.0,0.6,True,{'Gender': 1},35200.0,1036.9243250636432,28,1,0.6039960840025742
SexualOrientation,1,5000.0,0.7,True,{'Gender': 1},35200.0,1036.9243250636432,11,1,0.3285628749981697
SexualOrientation,1,5000.0,0.8,True,{'Gender': 1},35200.0,1036.9243250636432,3,1,0.20782962499652058
SexualOrientation,1,10000.0,0.5,True,{'Gender': 1},35200.0,1036.9243250636432,67,1,1.1941647910025495
SexualOrientation,1,10000.0,0.6,True,{'Gender': 1},35200.0,1036.9243250636432,28,1,0.659862874999817
SexualOrientation,1,10000.0,0.7,True,{'Gender': 1},35200.0,1036.9243250636432,11,1,0.3867514170015056
SexualOrientation,1,10000.0,0.8,True,{'Gender': 1},35200.0,1036.9243250636432,3,1,0.21796787499988568
EducationParents,1,100.0,0.5,True,{'Age': 3},19848.0,36.74091922193065,118,95,11.277895833998627
EducationParents,1,100.0,0.6,False,,,,47,47,6.471718458000396
EducationParents,1,100.0,0.7,False,,,,19,19,2.957772500001738
EducationParents,1,100.0,0.8,False,,,,5,5,0.7512835830020776
EducationParents,1,500.0,0.5,True,{'Age': 3},19848.0,36.74091922193065,118,95,17.588965082999493
EducationParents,1,500.0,0.6,False,,,,47,47,7.345279041001049
EducationParents,1,500.0,0.7,False,,,,19,19,3.310526375000336
EducationParents,1,500.0,0.8,False,,,,5,5,0.8612797500027227
EducationParents,1,1000.0,0.5,True,{'Age': 3},19848.0,36.74091922193065,118,95,26.255210667000938
EducationParents,1,1000.0,0.6,False,,,,47,47,10.109026958001778
EducationParents,1,1000.0,0.7,False,,,,19,19,3.6010229169987724
EducationParents,1,1000.0,0.8,False,,,,5,5,0.8230675000013434
EducationParents,1,5000.0,0.5,True,{'Age': 3},19848.0,36.74091922193065,118,95,38.240778583000065
EducationParents,1,5000.0,0.6,False,,,,47,47,11.109542292000697
EducationParents,1,5000.0,0.7,False,,,,19,19,3.7274691660022654
EducationParents,1,5000.0,0.8,False,,,,5,5,0.8044899169981363
EducationParents,1,10000.0,0.5,True,{'Age': 3},19848.0,36.74091922193065,118,95,38.585164874999464
EducationParents,1,10000.0,0.6,False,,,,47,47,10.964855041998817
EducationParents,1,10000.0,0.7,False,,,,19,19,3.61927737500082
EducationParents,1,10000.0,0.8,False,,,,5,5,0.7778753750026226
RaceEthnicity,1,100.0,0.5,True,"{'Gender': 1, 'Dependents': 2}",24197.0,6087.718386588739,86,28,3.22225837500082
RaceEthnicity,1,100.0,0.6,True,"{'Student': 1, 'Gender': 1, 'SexualOrientation': 1}",27878.0,6976.592486112649,36,11,1.532053791997896
RaceEthnicity,1,100.0,0.7,True,"{'Student': 1, 'Gender': 1}",29359.0,7028.815760759824,16,8,1.2152555829998164
RaceEthnicity,1,100.0,0.8,True,{'Gender': 1},35200.0,7676.245310063788,5,2,0.3626668340002652
RaceEthnicity,1,500.0,0.5,True,"{'Gender': 1, 'SexualOrientation': 1, 'HDI': 1}",25998.0,1395.3396617541603,86,18,2.4668464999995194
RaceEthnicity,1,500.0,0.6,True,"{'Student': 1, 'Gender': 1, 'SexualOrientation': 1}",27878.0,6976.592486112649,36,11,1.4685141670015582
RaceEthnicity,1,500.0,0.7,True,{'HDI': 1},29885.0,895.6870424449537,16,6,0.9583987090009032
RaceEthnicity,1,500.0,0.8,True,{'SexualOrientation': 1},35377.0,7176.38530528764,5,1,0.3337906249980733
RaceEthnicity,1,1000.0,0.5,True,"{'Gender': 1, 'SexualOrientation': 1, 'HDI': 1}",25998.0,1395.3396617541603,86,18,2.7486874170026567
RaceEthnicity,1,1000.0,0.6,True,{'HDI': 1},29885.0,895.6870424449537,36,6,1.243520374999207
RaceEthnicity,1,1000.0,0.7,True,"{'Gender': 1, 'SexualOrientation': 1}",33330.0,7643.875462850521,16,3,0.7196504579987959
RaceEthnicity,1,1000.0,0.8,True,{'SexualOrientation': 1},35377.0,7176.38530528764,5,1,0.2775747080013389
RaceEthnicity,1,5000.0,0.5,True,{'HDI': 1},29885.0,895.6870424449537,86,6,1.8473753329999454
RaceEthnicity,1,5000.0,0.6,True,{'HDI': 1},29885.0,895.6870424449537,36,6,1.300157958001364
RaceEthnicity,1,5000.0,0.7,True,"{'Gender': 1, 'SexualOrientation': 1}",33330.0,7643.875462850521,16,3,0.7337038750010834
RaceEthnicity,1,5000.0,0.8,True,{'SexualOrientation': 1},35377.0,7176.38530528764,5,1,0.2742089589992247
RaceEthnicity,1,10000.0,0.5,True,{'SexualOrientation': 1},35377.0,7176.38530528764,86,1,1.3309706670006562
RaceEthnicity,1,10000.0,0.6,True,{'SexualOrientation': 1},35377.0,7176.38530528764,36,1,0.9135935419981251
RaceEthnicity,1,10000.0,0.7,True,{'SexualOrientation': 1},35377.0,7176.38530528764,16,1,0.6742715410000528
RaceEthnicity,1,10000.0,0.8,True,{'SexualOrientation': 1},35377.0,7176.38530528764,5,1,0.3070179169990297
Dependents,1,100.0,0.5,True,"{'Hobby': 1, 'Student': 1, 'Gender': 1, 'SexualOrientation': 1}",22803.0,14682.333047682707,104,46,5.29994962499768
Dependents,1,100.0,0.6,True,"{'Student': 1, 'Gender': 1, 'SexualOrientation': 1}",27878.0,14560.185489001085,44,12,1.5240587910011527
Dependents,1,100.0,0.7,True,{'HDI': 1},29885.0,16980.861757347404,19,6,0.9350692080006411
Dependents,1,100.0,0.8,True,"{'Gender': 1, 'SexualOrientation': 1}",33330.0,16009.143743406803,5,3,0.4488923339995381
Dependents,1,500.0,0.5,True,"{'Hobby': 1, 'Student': 1, 'Gender': 1, 'SexualOrientation': 1}",22803.0,14682.333047682707,104,46,5.357251834000635
Dependents,1,500.0,0.6,True,"{'Student': 1, 'Gender': 1, 'SexualOrientation': 1}",27878.0,14560.185489001085,44,12,1.7373773330000404
Dependents,1,500.0,0.7,True,{'Student': 1},31785.0,14061.287370333082,19,4,0.7818640000004962
Dependents,1,500.0,0.8,True,{'SexualOrientation': 1},35377.0,15621.861715790345,5,1,0.2788673329996527
Dependents,1,1000.0,0.5,True,"{'Student': 1, 'HDI': 1}",25713.0,15669.532748306101,104,26,3.999054542000522
Dependents,1,1000.0,0.6,True,"{'Student': 1, 'Gender': 1, 'SexualOrientation': 1}",27878.0,14560.185489001085,44,12,1.73614258300222
Dependents,1,1000.0,0.7,True,{'Student': 1},31785.0,14061.287370333082,19,4,0.7518835840019165
Dependents,1,1000.0,0.8,True,{'SexualOrientation': 1},35377.0,15621.861715790345,5,1,0.24742150000020047
Dependents,1,5000.0,0.5,True,{'SexualOrientation': 1},35377.0,15621.861715790345,104,1,2.0498712500011607
Dependents,1,5000.0,0.6,True,{'SexualOrientation': 1},35377.0,15621.861715790345,44,1,0.9379593339981511
Dependents,1,5000.0,0.7,True,{'SexualOrientation': 1},35377.0,15621.861715790345,19,1,0.6155312919981952
Dependents,1,5000.0,0.8,True,{'SexualOrientation': 1},35377.0,15621.861715790345,5,1,0.28532470900245244
Dependents,1,10000.0,0.5,True,{'SexualOrientation': 1},35377.0,15621.861715790345,104,1,2.061695874999714
Dependents,1,10000.0,0.6,True,{'SexualOrientation': 1},35377.0,15621.861715790345,44,1,0.8621354589995462
Dependents,1,10000.0,0.7,True,{'SexualOrientation': 1},35377.0,15621.861715790345,19,1,0.5058182920001855
Dependents,1,10000.0,0.8,True,{'SexualOrientation': 1},35377.0,15621.861715790345,5,1,0.24993845799690462
Continent,1,100.0,0.5,True,"{'SexualOrientation': 1, 'GINI': 2}",19124.0,10222.218810732213,118,115,13.646171458000026
Continent,1,100.0,0.6,False,,,,47,47,5.786693417001516
Continent,1,100.0,0.7,False,,,,19,19,2.6015254160010954
Continent,1,100.0,0.8,False,,,,5,5,0.6832582919996639
Continent,1,500.0,0.5,True,"{'SexualOrientation': 1, 'GINI': 2}",19124.0,10222.218810732213,118,115,16.56663000000117
Continent,1,500.0,0.6,False,,,,47,47,7.160850583000865
Continent,1,500.0,0.7,False,,,,19,19,3.0466005420021247
Continent,1,500.0,0.8,False,,,,5,5,0.8981281250016764
Continent,1,1000.0,0.5,True,{'GINI': 2},20653.0,10752.680738346155,118,82,14.117661750002299
Continent,1,1000.0,0.6,False,,,,47,47,7.656265290999727
Continent,1,1000.0,0.7,False,,,,19,19,3.1823732080010814
Continent,1,1000.0,0.8,False,,,,5,5,0.8613754170000902
Continent,1,5000.0,0.5,True,{'GINI': 2},20653.0,10752.680738346155,118,82,20.71209458300291
Continent,1,5000.0,0.6,False,,,,47,47,8.434695915999328
Continent,1,5000.0,0.7,False,,,,19,19,3.413562457997614
Continent,1,5000.0,0.8,False,,,,5,5,0.8257632919994649
Continent,1,10000.0,0.5,True,{'GINI': 2},20653.0,10752.680738346155,118,82,23.10685525000008
Continent,1,10000.0,0.6,False,,,,47,47,9.379172667002422
Continent,1,10000.0,0.7,False,,,,19,19,3.194561917000101
Continent,1,10000.0,0.8,False,,,,5,5,0.8177286249992903
Age,1,100.0,0.5,True,"{'Hobby': 1, 'Student': 1, 'Gender': 1, 'SexualOrientation': 1}",22803.0,14470.628687921686,117,49,4.677622125000198
Age,1,100.0,0.6,True,"{'Student': 1, 'Gender': 1, 'SexualOrientation': 1}",27878.0,13727.735323629926,47,12,1.4484606250007346
Age,1,100.0,0.7,True,{'RaceEthnicity': 1},29558.0,13945.643882869868,19,8,1.060628874998656
Age,1,100.0,0.8,True,"{'Gender': 1, 'SexualOrientation': 1}",33330.0,15534.69725682943,5,3,0.42419874999905005
Age,1,500.0,0.5,True,"{'Student': 1, 'FormalEducation': 1}",23931.0,14024.366515102482,117,39,4.455431333000888
Age,1,500.0,0.6,True,"{'Student': 1, 'Gender': 1, 'SexualOrientation': 1}",27878.0,13727.735323629926,47,12,1.587150750001456
Age,1,500.0,0.7,True,{'Student': 1},31785.0,13720.93484189651,19,4,0.6573436670005322
Age,1,500.0,0.8,True,{'SexualOrientation': 1},35377.0,15423.921659249705,5,1,0.25000783299765317
Age,1,1000.0,0.5,True,"{'Student': 1, 'HDI': 1}",25713.0,11854.290850165218,117,27,3.7564567499975965
Age,1,1000.0,0.6,True,"{'Student': 1, 'Gender': 1, 'SexualOrientation': 1}",27878.0,13727.735323629926,47,12,1.6580587499993271
Age,1,1000.0,0.7,True,{'Student': 1},31785.0,13720.93484189651,19,4,0.7411386249987117
Age,1,1000.0,0.8,True,{'SexualOrientation': 1},35377.0,15423.921659249705,5,1,0.29696462500214693
Age,1,5000.0,0.5,True,{'SexualOrientation': 1},35377.0,15423.921659249705,117,1,1.5986961660019006
Age,1,5000.0,0.6,True,{'SexualOrientation': 1},35377.0,15423.921659249705,47,1,0.9052289580031356
Age,1,5000.0,0.7,True,{'SexualOrientation': 1},35377.0,15423.921659249705,19,1,0.48502683300102944
Age,1,5000.0,0.8,True,{'SexualOrientation': 1},35377.0,15423.921659249705,5,1,0.2790645829991263
Age,1,10000.0,0.5,True,{'SexualOrientation': 1},35377.0,15423.921659249705,117,1,2.0185760829990613
Age,1,10000.0,0.6,True,{'SexualOrientation': 1},35377.0,15423.921659249705,47,1,1.0443233749974752
Age,1,10000.0,0.7,True,{'SexualOrientation': 1},35377.0,15423.921659249705,19,1,0.5545827920032025
Age,1,10000.0,0.8,True,{'SexualOrientation': 1},35377.0,15423.921659249705,5,1,0.2490079169983801
HDI,1,100.0,0.5,True,"{'Hobby': 1, 'Student': 1, 'SexualOrientation': 1}",23943.0,107511.73544857727,85,31,3.3819267919971026
HDI,1,100.0,0.6,True,"{'Student': 1, 'Gender': 1, 'SexualOrientation': 1}",27878.0,107065.30123987125,35,11,1.380538917001104
HDI,1,100.0,0.7,True,"{'Student': 1, 'Gender': 1, 'SexualOrientation': 1}",27878.0,107065.30123987125,16,11,1.3052237080009945
HDI,1,100.0,0.8,True,{'SexualOrientation': 1},35377.0,106293.78778069699,5,1,0.2637393750010233
HDI,1,500.0,0.5,True,"{'Hobby': 1, 'Student': 1, 'SexualOrientation': 1}",23943.0,107511.73544857727,85,31,3.6710561670006427
HDI,1,500.0,0.6,True,"{'Student': 1, 'Gender': 1, 'SexualOrientation': 1}",27878.0,107065.30123987125,35,11,1.431176707999839
HDI,1,500.0,0.7,True,{'Student': 1},31785.0,107254.53443743287,16,4,0.8040921669999079
HDI,1,500.0,0.8,True,{'SexualOrientation': 1},35377.0,106293.78778069699,5,1,0.277042582998547
HDI,1,1000.0,0.5,True,"{'FormalEducation': 1, 'Gender': 1, 'SexualOrientation': 1}",24173.0,109463.25498431781,85,29,3.658559791998414
HDI,1,1000.0,0.6,True,"{'Student': 1, 'Gender': 1, 'SexualOrientation': 1}",27878.0,107065.30123987125,35,11,1.4493987500027288
HDI,1,1000.0,0.7,True,"{'Gender': 1, 'SexualOrientation': 1}",33330.0,106271.6795100742,16,3,0.7453602499990666
HDI,1,1000.0,0.8,True,{'SexualOrientation': 1},35377.0,106293.78778069699,5,1,0.26275129200075753
HDI,1,5000.0,0.5,True,{'RaceEthnicity': 1},29558.0,99390.90489356546,85,7,2.0607440829990082
HDI,1,5000.0,0.6,True,{'Hobby': 1},31125.0,104549.77262304765,35,5,1.1843632919990341
HDI,1,5000.0,0.7,True,"{'Gender': 1, 'SexualOrientation': 1}",33330.0,106271.6795100742,16,3,0.7982527499989374
HDI,1,5000.0,0.8,True,{'SexualOrientation': 1},35377.0,106293.78778069699,5,1,0.31437766700037173
HDI,1,10000.0,0.5,True,{'SexualOrientation': 1},35377.0,106293.78778069699,85,1,1.538022208998882
HDI,1,10000.0,0.6,True,{'SexualOrientation': 1},35377.0,106293.78778069699,35,1,0.7786545419985487
HDI,1,10000.0,0.7,True,{'SexualOrientation': 1},35377.0,106293.78778069699,16,1,0.4774332079978194
HDI,1,10000.0,0.8,True,{'SexualOrientation': 1},35377.0,106293.78778069699,5,1,0.2538892089978617
GDP,1,100.0,0.5,False,,,,118,118,14.231336791999638
GDP,1,100.0,0.6,False,,,,47,47,6.00598112499938
GDP,1,100.0,0.7,False,,,,19,19,2.763904082999943
GDP,1,100.0,0.8,False,,,,5,5,0.7678992500004824
GDP,1,500.0,0.5,False,,,,118,118,18.124017833000835
GDP,1,500.0,0.6,False,,,,47,47,6.7323725419992115
GDP,1,500.0,0.7,False,,,,19,19,2.8136076250011683
GDP,1,500.0,0.8,False,,,,5,5,0.79987679199985
GDP,1,1000.0,0.5,False,,,,118,118,19.972853999999643
GDP,1,1000.0,0.6,False,,,,47,47,8.763918249998824
GDP,1,1000.0,0.7,False,,,,19,19,3.2231314580021717
GDP,1,1000.0,0.8,False,,,,5,5,0.9199052920012036
GDP,1,5000.0,0.5,False,,,,118,118,42.058893958001136
GDP,1,5000.0,0.6,False,,,,47,47,10.867751624999073
GDP,1,5000.0,0.7,False,,,,19,19,3.6057304160021886
GDP,1,5000.0,0.8,False,,,,5,5,0.7878153340025165
GDP,1,10000.0,0.5,False,,,,118,118,42.45064758399894
GDP,1,10000.0,0.6,False,,,,47,47,11.042202708998957
GDP,1,10000.0,0.7,False,,,,19,19,3.7543976250017295
GDP,1,10000.0,0.8,False,,,,5,5,0.8295176249994256
GINI,1,100.0,0.5,False,,,,116,116,14.082284916999924
GINI,1,100.0,0.6,False,,,,47,47,6.174915709001652
GINI,1,100.0,0.7,False,,,,19,19,2.4800428330017894
GINI,1,100.0,0.8,False,,,,5,5,0.6790922079999291
GINI,1,500.0,0.5,False,,,,116,116,17.63391550000233
GINI,1,500.0,0.6,False,,,,47,47,6.8958455419997335
GINI,1,500.0,0.7,False,,,,19,19,2.919149916997412
GINI,1,500.0,0.8,False,,,,5,5,0.8046390420022362
GINI,1,1000.0,0.5,False,,,,116,116,19.665318958999706
GINI,1,1000.0,0.6,False,,,,47,47,7.11195566600145
GINI,1,1000.0,0.7,False,,,,19,19,3.1169165000028443
GINI,1,1000.0,0.8,False,,,,5,5,0.7771452500019222
GINI,1,5000.0,0.5,False,,,,116,116,26.346442500002013
GINI,1,5000.0,0.6,False,,,,47,47,8.289201916999446
GINI,1,5000.0,0.7,False,,,,19,19,3.220575125000323
GINI,1,5000.0,0.8,False,,,,5,5,0.805349499998556
GINI,1,10000.0,0.5,False,,,,116,116,30.21374624999953
GINI,1,10000.0,0.6,False,,,,47,47,9.265919375000522
GINI,1,10000.0,0.7,False,,,,19,19,3.300966333998076
GINI,1,10000.0,0.8,False,,,,5,5,0.7899555000003602
